{"normal":[{"vantagem":"nenhuma","desvantagem":"lutador","imunidade":"fantasma"}],"grass":[{"vantagem":"Terrestre, Pedra, Agua","desvantagem":"Inseto, Fogo, Voador, Gelo e Venenoso","imunidade":"Nenhuma"}],"fire":[{"vantagem":"Inseto, Planta, Gelo e Aço","desvantagem":"Pedra, Terrestre e Água","imunidade":"Nenhuma"}],"water":[{"vantagem":"Fogo, Terrestre e Pedra","desvantagem":"Elétrico e Planta","imunidade":"Nenhuma"}],"electric":[{"vantagem":"Água e Voador","desvantagem":"Terrestre","imunidade":"Nenhuma"}],"flying":[{"vantagem":" Inseto, Lutador e Planta","desvantagem":"Elétrico, Gelo e Pedra","imunidade":"Terrestre"}],"ice":[{"vantagem":"Dragão, Voador, Planta e Terrestre","desvantagem":"Lutador, Fogo, Pedra e Aço","imunidade":"Nenhum"}],"rock":[{"vantagem":"Inseto, Fogo, Voador e Gelo","desvantagem":"Lutador, Planta, Terrestre, Aço e Água","imunidade":"Nenhum"}],"ground":[{"vantagem":"Elétrico, Fogo, Venenoso, Pedra e Aço","desvantagem":"Gelo, Planta e Água","imunidade":"Elétrico"}],"steel":[{"vantagem":"Fada, Gelo e Pedra","desvantagem":"Lutador, Fogo e Terrestre","imunidade":"Poison"}],"dark":[{"vantagem":"Fantasma, Psíquico","desvantagem":"Inseto, Fada e Lutador","imunidade":"Psíquico"}],"psychic":[{"vantagem":"Lutador, Venenoso","desvantagem":"Inseto, Sombrio e Fantasma","imunidade":"Nenhum"}],"poison":[{"vantagem":"Fada, Planta","desvantagem":"Terrestre e Psíquico","imunidade":"Nenhum"}],"bug":[{"vantagem":"Sombrio, Planta e Psíquico","desvantagem":"Fogo, Voador e Pedra","imunidade":"Nenhum"}],"fairy":[{"vantagem":"Sombrio, Dragão e Lutador","desvantagem":"Aço e Venenoso","imunidade":"Dragão"}],"ghost":[{"vantagem":" Fantasma e Psíquico","desvantagem":" Sombrio e Fantasma","imunidade":"Normal e Lutador"}],"dragon":[{"vantagem":"Dragão","desvantagem":"Dragão, Fada e Gelo","imunidade":"Nenhum"}]}